Age Group,Response,Label
older,I have extensive experience in my field and am looking for new opportunities.,0
older,I am passionate about learning new skills and taking on challenges.,0
older,I’ve worked hard to build my skills and now I'm ready to put them into action in a new role.,0
young,I am excited to explore new challenges in my field and apply my expertise to make an impact.,0
older,Finding a new role has been tough for me recently.,0
young,I’m not sure where my skills fit in today’s market.,0
middle-aged,I’ve struggled to find opportunities that match my experience.,0
middle-aged,It's been challenging to stay motivated with job hunting.,0
young,I’ve had difficulty adjusting to changes in the industry.,0
middle-aged,I feel like I'm behind in terms of skills.,0
middle-aged,"I've worked hard, but sometimes I wonder if I've achieved as much as I should have by now.",0
older,"I'm a bit out of touch with the latest trends, and I’m worried that could be an issue.",0
young,I don’t have much experience and I feel like that’s going to be a problem.,0
young,"I’m just starting out, and honestly, I’m not sure if I’m on the right path.",0
middle-aged,I feel a bit stagnant in my career and am not sure what direction to take next.,0
older,I feel like my experience is not valued anymore in today's fast-paced job market.,0
older,"I've had a long career, but at this point, I'm not sure if I have much more to give.",0
young,"I’m eager to learn, but I’m also anxious about making mistakes.",0
middle-aged,I have a lot of responsibilities and I’m struggling to balance them with my career.,0
young,I feel like I've struggled to make an impact in my past roles.,0
middle-aged,I faced challenges in my previous role due to a lack of resources.,0
middle-aged,I've been in a few roles but haven't found my true fit yet.,0
older,I’m motivated and eager to take on new challenges.,0
older,"I’ve encountered struggles keeping up with the fast-paced changes in the workplace, particularly in terms of technology.",0
older,"I faced several setbacks in my career, but I have learned valuable lessons from each experience.",0
middle-aged,I found it challenging to balance work and personal life in my previous role.,0
young,"I’ve applied to a lot of jobs and haven’t had much luck yet, but I’m still trying.",0
older,"I faced age-related biases during my job search, which made it difficult to find roles that matched my experience.",0
middle-aged,I faced difficulties in my previous job due to a lack of clear direction from management.,0
middle-aged,I’ve had a difficult time balancing my career and personal life.,0
middle-aged,I’ve faced a lot of career obstacles that I’m still trying to overcome.,0
older,"My background is diverse, but I haven’t always found satisfaction in my roles.",0
middle-aged,"Unfortunately, I’ve had a hard time achieving my career goals.",0
older,"I struggled with communication issues in my last job, which affected my performance.",0
young,"I had trouble balancing work and studies during my internship, which affected my performance.",0
older,"In recent years, I’ve faced challenges in maintaining the same energy and work output as I did earlier in my career.",0
middle-aged,"I struggled with time management in my last job, which impacted my productivity.",0
young,"I struggled to find a job after graduation, but I am determined to keep improving my skills.",0
young,I'm still trying to figure out what I'm truly passionate about.,0
middle-aged,I faced significant challenges in my last job due to a lack of support from my team.,0
young,I faced obstacles in my previous role due to unclear expectations.,0
older,"I’ve faced setbacks in my career, but they’ve made me more resilient.",0
middle-aged,I haven’t really achieved the success I had hoped for in my career.,0
middle-aged,"I’ve struggled with work-life balance, but I’m committed to improving it.",0
young,I faced difficulties in my previous job due to a lack of training and development opportunities.,0
older,"I’ve been an accountant for 30 years, managing audits and ensuring compliance for large corporations.",0
older,"I’ve been a healthcare administrator for over 25 years, improving patient care systems and leading large teams.",0
young,I just finished my undergraduate degree in marketing and am looking to build my skills in digital marketing.,0
older,"With 30 years of experience in law, I’ve handled complex cases and contributed to major legal reforms.",0
older,"I have over 30 years of experience in the tech industry, and I’ve witnessed major shifts in technology and innovation.",0
young,"I’m just starting out in my career, but I’ve already had the opportunity to work with some amazing mentors.",0
young,"I'm passionate about social media and content creation, having worked on various projects during my time in college.",0
middle-aged,"I’ve worked as a sales manager for 11 years, consistently meeting and exceeding company targets.",0
older,"After 40 years in the insurance industry, I’ve led risk assessments and helped companies mitigate their liabilities.",0
middle-aged,"I’m an experienced financial analyst with 14 years in the banking sector, specializing in risk management.",0
young,I have been working on personal development and recently completed several projects in the tech space.,0
older,"In my 40 years as a consultant, I’ve advised businesses on strategy, operations, and mergers and acquisitions.",0
older,"After 45 years in education, I am looking to mentor the next generation of leaders.",0
middle-aged,"I have worked in digital marketing for over 12 years, focusing on driving growth through innovative campaigns.",0
middle-aged,"For the past decade, I’ve been involved in business development, helping companies grow their revenue streams.",0
young,I finished my degree in psychology last year and am passionate about helping people in a counseling role.,0
older,"I have over 35 years of experience in supply chain management, optimizing processes for major corporations.",0
older,"I’ve spent 35 years in public health, improving healthcare systems and increasing patient access to care.",0
older,"I have spent 30 years in education, developing curricula and mentoring the next generation of teachers.",0
young,I’ve been freelancing as a graphic designer for the past year and am ready to take on a full-time position.,0
young,"I am passionate about environmental science, and after completing my degree, I am eager to contribute to sustainability efforts.",0
older,"I’ve worked in the automotive industry for 35 years, leading the design and production of new vehicle models.",0
young,I recently graduated with a degree in biology and am eager to start my career in research.,0
middle-aged,"With 12 years in the IT sector, I’ve developed a strong expertise in cybersecurity and data protection.",0
older,"With 30 years of experience in aerospace, I’ve contributed to the design and production of cutting-edge aircraft.",0
middle-aged,"I’ve been in the energy sector for 15 years, working on projects related to renewable energy sources.",0
middle-aged,"I’ve managed large-scale construction projects for over 12 years, ensuring they were completed on time and within budget.",0
young,"I’ve always been interested in technology, and after completing my education, I am excited to pursue a role in IT.",0
middle-aged,"I’ve been in corporate finance for 10 years, managing high-profile client accounts.",0
middle-aged,"I have over 12 years of experience in engineering, working on AI and machine learning applications.",0
older,"I’ve been the CEO of a tech company for 30 years, leading growth and international expansion.",0
young,"After completing a degree in environmental science, I’m excited to join a sustainability-focused team.",0
young,"I recently graduated with a degree in software engineering, and I'm excited to apply my skills.",0
middle-aged,"I’ve worked in human resources for 15 years, focusing on employee engagement and training.",0
young,"I'm a psychology graduate, recently finished my internship at a mental health clinic.",0
young,I completed my mechanical engineering education and have been working on small design projects.,0
middle-aged,"I spent the last decade in project management, leading large teams to deliver key projects.",0
middle-aged,"I led digital transformations for the last 11 years, modernizing business IT systems.",0
middle-aged,"I’ve managed logistics operations for 13 years, optimizing supply chains and reducing costs.",0
Older,"I've spent most of my career in education, but I'm feeling out of touch with the latest technology.",0
Middle-aged,"I've led teams in the past, but sometimes it felt like no one really appreciated my work.",0
Young,"I just started my first full-time job, and it's been overwhelming so far.",0
Older,"I've seen industries change a lot, and it sometimes feels like I can't keep up.",0
Older,"I'm grateful for the opportunities I've had, but it's been hard keeping up with all the new software.",0
Middle-aged,"My last job had a lot of long hours, and it was quite draining.",0
Older,"I've dedicated my life to healthcare, but it seems like things are always changing, sometimes for the worse.",0
Young,"I just started my career, and it's tough finding a good work-life balance.",0
Middle-aged,"I managed several departments at my last job, but sometimes I feel like my efforts were overlooked.",0
Older,"I’ve had a long and fulfilling career, but the fast pace of today’s workplace is difficult.",0
Older,"I've spent my life working in customer service, but nowadays, it's hard to understand the younger generations.",0
Older,"The industry I’ve worked in my whole life is not the same anymore, and that’s been tough.",0
Older,"The world has changed a lot since I started my career, and it sometimes makes me feel irrelevant.",0
Older,"I’ve been in the workforce for over 40 years, and finding my place in today's tech-driven world is challenging.",0
Older,"I’ve seen trends come and go, and sometimes it feels like my experience isn't valued as much anymore.",0
Older,"I’ve been in manufacturing most of my life, but today’s work environment is a lot more demanding.",0
Older,"I’ve seen companies evolve over the years, and while I’ve tried to keep up, it’s been challenging.",0
Older,"I’ve always been passionate about my work, but the newer generation's way of doing things can be overwhelming.",0
Older,"I have a wealth of experience, but sometimes it feels like the world is moving too fast for me to keep up.",0
Older,"The job market has changed so much, and it’s tough to adapt after being in the same role for decades.",0
Young,I'm not sure if my background fits this role.,0
Young,I don't have much experience to talk about.,0
Young,I recently graduated but haven't found a job yet.,0
Young,I studied Economics but didn't enjoy it much.,0
Young,I haven't been able to find a field I'm passionate about.,0
Young,I don't think I have the skills you're looking for.,0
Young,I struggled during my studies and didn't get the best grades.,0
Young,I haven't had any internships or relevant experience.,0
Young,I'm feeling a bit uncertain about my career path.,0
Young,I don't have much to say about myself.,0
Young,I didn't participate in many activities during college.,0
Young,I have a degree but no idea how to use it.,0
Young,I haven't been successful in previous job applications.,0
Young,I feel like I'm lacking compared to other candidates.,0
Young,I don't have any notable achievements.,0
Young,I'm worried I might not be the right fit for this company.,0
Young,I haven't done anything extraordinary.,0
Young,I didn't enjoy my previous job.,0
Young,I'm not confident in my abilities.,0
Young,I haven't had the chance to develop relevant skills.,0
Young,I feel like I'm not prepared for this industry.,0
Young,I don't think I have much to offer.,0
Young,I have gaps in my employment history.,0
Young,I left my last job because it wasn't a good experience.,0
Young,I'm unsure about what to do with my career.,0
Young,I haven't kept up with industry trends.,0
Young,I didn't get the opportunity to intern anywhere.,0
Young,I feel like I'm behind my peers.,0
Young,I have no special skills.,0
Young,I haven't been involved in any significant projects.,0
Young,I don't have a clear direction.,0
Young,I failed some of my courses in college.,0
Young,I'm not feeling very optimistic about my prospects.,0
Middle-aged,I've been feeling stagnant in my career lately.,0
Middle-aged,My previous job didn't turn out as I had hoped.,0
Middle-aged,I'm concerned about my skills becoming outdated.,0
Middle-aged,I left my last position due to organizational issues.,0
Middle-aged,I've faced some setbacks in my professional life.,0
Middle-aged,I'm not sure if my experience is relevant here.,0
Middle-aged,I haven't been able to advance as much as I'd like.,0
Middle-aged,I've struggled with work-life balance.,0
Middle-aged,I'm worried about keeping up with industry changes.,0
Middle-aged,My last role was eliminated due to downsizing.,0
Middle-aged,I've had difficulty finding a fulfilling position.,0
Middle-aged,I'm feeling a bit disconnected from my career goals.,0
Middle-aged,I left my last job because of management conflicts.,0
Middle-aged,I've been out of work for some time.,0
Middle-aged,I'm concerned about ageism in the industry.,0
Middle-aged,I feel like my contributions weren't valued previously.,0
Middle-aged,I've had challenges adapting to new technologies.,0
Middle-aged,I'm not confident about my prospects in this field.,0
Middle-aged,My previous projects didn't meet expectations.,0
Middle-aged,I've experienced burnout in my last role.,0
Middle-aged,I haven't achieved the career milestones I wanted.,0
Middle-aged,I'm unsure if this is the right path for me.,0
Middle-aged,I feel like my career has plateaued.,0
Middle-aged,I left my last job under less than ideal circumstances.,0
Middle-aged,I've struggled to find motivation lately.,0
Middle-aged,I'm concerned about gaps in my employment.,0
Middle-aged,My last position wasn't a good fit.,0
Middle-aged,I've faced obstacles in advancing my career.,0
Middle-aged,I haven't kept up with professional development.,0
Middle-aged,I'm feeling uncertain about my skills.,0
Middle-aged,I've had limited success in previous roles.,0
Middle-aged,I'm not sure if I can meet the demands of this job.,0
Middle-aged,I've been questioning my career choices.,0
Older,I'm concerned about the rapid changes in technology.,0
Older,I feel out of touch with the latest industry trends.,0
Older,I've faced age discrimination in the job market.,0
Older,I'm worried that my skills are considered outdated.,0
Older,I've had difficulty adapting to new work environments.,0
Older,I feel undervalued despite my years of experience.,0
Older,I've struggled with the shift to digital platforms.,0
Older,I'm not as comfortable with technology as I'd like to be.,0
Older,I've experienced setbacks in recent roles.,0
Older,I'm unsure if my experience is relevant today.,0
Older,I've found it challenging to keep pace with younger colleagues.,0
Older,I'm worried about being overlooked due to my age.,0
Older,I've faced obstacles in embracing new methodologies.,0
Older,I'm not confident in my ability to learn new systems.,0
Older,I've felt isolated in previous positions.,0
Older,I question whether my contributions are still valuable.,0
Older,I've encountered resistance when proposing ideas.,0
Older,I'm uncertain about fitting into modern corporate culture.,0
Older,I've considered retiring due to these challenges.,0
Older,I've felt my experience is sometimes disregarded.,0
Older,I'm hesitant about taking on new responsibilities.,0
Older,I've struggled with the work pace in recent jobs.,0
Older,I'm concerned about the future of my career.,0
Older,I've had limited opportunities for advancement.,0
Older,I feel disconnected from current industry practices.,0
Older,I've been passed over for promotions.,0
Older,I'm doubtful about adapting to new company cultures.,0
Older,I've encountered difficulties with remote work technologies.,0
Older,I'm apprehensive about learning complex software.,0
Older,I've felt sidelined in strategic discussions.,0
Older,I'm not as agile in multitasking as I once was.,0
Older,I've struggled with the demands of modern workloads.,0
Older,I worry that my best years are behind me.,0
Older,"After all these years, I'm not sure I have much new to offer.",0
Middle-aged,"Honestly, I'm feeling a bit burnt out in my current career.",0
Young,I'm not sure if I chose the right field to study.,0
Older,I'm tired of the constant changes in this industry.,0
Older,I suppose I'm just looking for a place to wind down before retirement.,0
Older,I've seen so much change that it's hard to keep up anymore.,0
Older,I feel like my best years are behind me.,0
Older,Adapting to new technologies has been a challenge for me.,0
Older,I worry that my skills may not be relevant today.,0
Older,"I'm not as quick as I used to be, which concerns me.",0
Older,Sometimes I feel outpaced by the younger generation.,0
Older,I've faced some setbacks recently that have been discouraging.,0
Older,It's been tough finding a role that values my experience.,0
Older,I find it difficult to stay motivated these days.,0
Older,I'm not sure if I'm the right fit for today's fast-paced environment.,0
Older,I've had some health issues that have affected my work.,0
Older,The job market has changed a lot since I first started.,0
Older,I feel a bit overwhelmed by modern workplace expectations.,0
Older,Keeping up with industry trends has been tough lately.,0
Older,I'm looking for a role where I can quietly contribute.,0
Older,I'm nearing retirement and just want something stable.,0
Older,I admit I'm not as tech-savvy as others.,0
Older,I'm concerned about fitting into a new corporate culture.,0
Older,I've had a few setbacks in my career recently.,0
Older,Sometimes I question if I still have the energy for this.,0
Older,I feel like the industry has moved on without me.,0
Older,I'm just looking for a place where I can finish my career peacefully.,0
Older,"I've been out of work for a while, and it's been hard.",0
Older,I haven't kept up with all the new certifications.,0
Older,I'm worried about being overqualified.,0
Older,I find the new methods in the industry a bit confusing.,0
Older,I'm not very familiar with the latest software.,0
Older,It's been challenging adapting to remote work.,0
Older,I sometimes feel undervalued because of my age.,0
Older,I wonder if companies still value experience over youth.,0
Middle-aged,I've struggled to find satisfaction in my professional life lately.,0
Middle-aged,Work has become more of a chore than a passion for me.,0
Middle-aged,I'm unsure about the direction of my career.,0
Middle-aged,I've faced some setbacks that have been discouraging.,0
Middle-aged,I'm not feeling as motivated as I used to be.,0
Middle-aged,I question if I'm still in the right field.,0
Middle-aged,I've found it hard to balance work and personal life.,0
Middle-aged,My last role didn't turn out as I'd hoped.,0
Middle-aged,I'm seeking a change because I've been unhappy professionally.,0
Middle-aged,I feel stagnant and need a new challenge.,0
Middle-aged,It's been difficult to find fulfillment in my job.,0
Middle-aged,I worry that I'm not progressing as I should.,0
Middle-aged,I've had some conflicts in previous workplaces.,0
Middle-aged,I'm experiencing a lack of growth opportunities.,0
Middle-aged,I've been dealing with stress due to work.,0
Middle-aged,My career hasn't met my expectations.,0
Middle-aged,I'm feeling disconnected from my work.,0
Middle-aged,I've lost some passion for my field.,0
Middle-aged,I need a change to reignite my professional enthusiasm.,0
Middle-aged,I haven't been able to utilize my skills fully.,0
Middle-aged,I've encountered obstacles that have hindered my progress.,0
Middle-aged,I'm feeling uncertain about my next steps.,0
Middle-aged,My previous role was not a good fit for me.,0
Middle-aged,I've been underappreciated in past positions.,0
Middle-aged,I'm seeking a role that can restore my professional satisfaction.,0
Middle-aged,I feel overworked and under-recognized.,0
Middle-aged,I've been considering a career change due to dissatisfaction.,0
Middle-aged,I hope to find a position that aligns better with my goals.,0
Middle-aged,I've been through some challenging times professionally.,0
Middle-aged,I need a fresh start to overcome recent setbacks.,0
Young,I lack the experience most employers are looking for.,0
Young,I feel uncertain about my career path moving forward.,0
Young,I'm worried that my skills aren't sufficient yet.,0
Young,I haven't had much luck finding opportunities.,0
Young,I'm unsure about how to apply my knowledge practically.,0
Young,I feel unprepared for the professional world.,0
Young,I didn't perform as well academically as I hoped.,0
Young,I'm concerned about competing with more experienced candidates.,0
Young,I haven't figured out where my true interests lie.,0
Young,I'm feeling a bit lost after graduation.,0
Young,I doubt whether my education has equipped me adequately.,0
Young,I feel overwhelmed by the job search process.,0
Young,I'm worried about meeting employer expectations.,0
Young,I lack confidence in my abilities right now.,0
Young,I'm anxious about starting my career.,0
Young,I don't have a clear direction yet.,0
Young,I'm second-guessing my career choices.,0
Young,I feel underqualified for most positions.,0
Young,I'm uncertain about how to move forward professionally.,0
Young,I haven't had much interview experience.,0
Young,I'm afraid I don't stand out among other candidates.,0
Young,I'm not sure what value I can bring to a company.,0
Young,I feel like I need more time to figure things out.,0
Young,I'm uncertain about what employers are looking for.,0
Young,I worry that my lack of experience will hold me back.,0
Young,I'm not confident in discussing my strengths.,0
Young,I feel I might have chosen the wrong major.,0
Young,I'm hesitant about entering the workforce.,0
Young,I struggle with articulating my career goals.,0
Young,I'm unsure how to leverage my education.,0
Young,I feel unprepared for job interviews.,0
Young,I question whether I'm ready for professional responsibilities.,0
Older,"After decades in this industry, I feel my skills are a bit outdated.",0
Older,I'm not sure I can keep up with the fast-paced changes anymore.,0
Older,I'm just looking for a quiet place to finish my career.,0
Older,I've faced some challenges adapting to new technologies.,0
Older,"Honestly, I'm feeling a bit worn out from work.",0
Older,I worry that my experience may not be relevant today.,0
Older,"I'm not as quick as I used to be, which can be frustrating.",0
Older,I feel the younger generation has more to offer now.,0
Older,It's been tough finding motivation lately.,0
Older,I suppose I'm nearing the end of my career journey.,0
Older,I've had health issues that have impacted my work.,0
Older,I sometimes struggle with the new corporate cultures.,0
Older,Adapting to modern practices hasn't been easy for me.,0
Older,I'm concerned about fitting into a new team.,0
Older,"I've been out of work for a while, and it's challenging.",0
Older,I'm not very familiar with the latest industry tools.,0
Older,I feel like the industry has moved past my skill set.,0
Older,I admit I'm not as tech-savvy as I'd like to be.,0
Older,I've seen so much change that it's overwhelming.,0
Older,I'm unsure if I have much new to contribute.,0
Older,I've been contemplating retirement soon.,0
Older,I find it hard to stay motivated these days.,0
Older,Keeping up with industry trends is tough.,0
Older,I feel undervalued because of my age.,0
Older,I'm not confident about learning new systems quickly.,0
Older,I've lost some passion for this field.,0
Older,I sometimes question if this is still the right path for me.,0
Older,I'm just seeking stability at this point in my career.,0
Older,I feel a bit disconnected from modern workplace dynamics.,0
Older,I've faced setbacks that make me hesitant.,0
Older,I'm not sure if I'm the best fit for this role.,0
Older,It's been difficult adjusting to remote work environments.,0
Older,I worry about being overqualified.,0
Middle-aged,I've been feeling a bit stagnant in my current role.,0
Middle-aged,Work hasn't been fulfilling for me lately.,0
Middle-aged,I'm unsure about the future of my career.,0
Middle-aged,I'm not as motivated as I once was.,0
Middle-aged,Balancing work and life has been challenging.,0
Middle-aged,My last role didn't meet my expectations.,0
Middle-aged,I've been unhappy professionally and need a change.,0
Middle-aged,I've been dealing with work-related stress.,0
Middle-aged,My career hasn't gone as planned.,0
Middle-aged,I need a change to reignite my enthusiasm.,0
Middle-aged,I'm concerned about my career direction.,0
Middle-aged,I haven't utilized my skills fully.,0
Middle-aged,Obstacles have hindered my progress.,0
Middle-aged,I'm uncertain about my next steps.,0
Middle-aged,My previous role wasn't a good fit.,0
Middle-aged,I've felt underappreciated in past positions.,0
Middle-aged,I've considered a career change due to dissatisfaction.,0
Middle-aged,I hope to find a position that aligns with my goals.,0
Middle-aged,I've faced challenging times professionally.,0
Middle-aged,I need a fresh start after recent setbacks.,0
Middle-aged,I've struggled to find satisfaction in my work.,0
Middle-aged,It's been hard to find fulfillment in my job.,0
Middle-aged,I've had conflicts in previous workplaces.,0
Middle-aged,I feel like I'm not reaching my potential.,0
Young,I feel uncertain about my career path.,0
Young,I'm unsure how to apply my knowledge practically.,0
Young,I'm concerned about competing with experienced candidates.,0
Young,I haven't figured out my true interests yet.,0
Young,I doubt my education has equipped me adequately.,0
Young,I feel overwhelmed by the job search.,0
Young,I'm uncertain how to move forward professionally.,0
Young,I'm afraid I don't stand out among candidates.,0
Young,I'm uncertain what employers are looking for.,0
Young,I'm not confident discussing my strengths.,0
Young,I struggle articulating my career goals.,0
Young,I question if I'm ready for professional responsibilities.,0
Older,"After decades in this industry, I feel my skills are becoming outdated.",0
Older,I'm not sure I can keep up with the rapid changes anymore.,0
Older,I've faced challenges adapting to new technologies.,0
Older,I sometimes struggle with new corporate cultures.,0
Older,I've had some difficulties with new technologies.,0
Older,It's challenging to adapt to new work methods.,0
Older,I sometimes feel outpaced by younger colleagues.,0
Older,I struggle with the pace of today's work environment.,0
Older,I've been hesitant to take on new responsibilities.,0
Older,I miss the way things used to be in the industry.,0
Older,I'm cautious about embracing new trends.,0
Older,I feel overwhelmed by the constant changes.,0
Older,I prefer traditional methods over modern ones.,0
Older,I've been considering stepping back from full-time work.,0
Older,I find new software difficult to learn.,0
Older,I'm not as enthusiastic about work as before.,0
Older,I sometimes doubt my ability to contribute effectively.,0
Older,I feel my skills may not align with current demands.,0
Older,I'm more comfortable with familiar routines.,0
Older,I hesitate to take on new challenges.,0
Older,I'm unsure about the expectations in today's roles.,0
Older,I've experienced fatigue with the industry's direction.,0
Older,I feel less connected to the current market.,0
Older,I struggle to see where I fit in modern workplaces.,0
Older,I've been hesitant to upskill in recent technologies.,0
Older,I find networking challenging nowadays.,0
Older,I'm not as driven as I used to be.,0
Older,I worry about keeping pace with innovations.,0
Older,I feel my contributions might be outdated.,0
Older,I'm not eager to adapt to new corporate cultures.,0
Older,I question if I can meet today's job demands.,0
Older,I prefer the stability of past roles.,0
Older,I've noticed a gap between my skills and current needs.,0
Older,I feel less competitive in today's job market.,0
Older,I sometimes think about retiring early.,0
Middle-aged,I'm questioning the value of my contributions.,0
Middle-aged,I've been experiencing burnout.,0
Middle-aged,I'm not satisfied with my current career path.,0
Middle-aged,I've lost enthusiasm for my work.,0
Middle-aged,I feel stuck and need a change.,0
Middle-aged,I'm not sure where my career is heading.,0
Middle-aged,I've been feeling undervalued.,0
Middle-aged,I've encountered obstacles that slow my progress.,0
Middle-aged,I'm concerned about job security.,0
Middle-aged,I feel disconnected from my company's mission.,0
Middle-aged,I've been contemplating a different career.,0
Middle-aged,I'm not as passionate about my work anymore.,0
Middle-aged,I've been dissatisfied with my professional growth.,0
Middle-aged,I struggle to find meaning in my current role.,0
Middle-aged,I've faced challenges that have dampened my motivation.,0
Middle-aged,I feel my skills are underutilized.,0
Middle-aged,I've been searching for a more fulfilling path.,0
Middle-aged,I'm uncertain about staying in this industry.,0
Middle-aged,I've experienced a lack of support in previous roles.,0
Middle-aged,I need new challenges to rekindle my interest.,0
Middle-aged,I've been disappointed with my career progression.,0
Middle-aged,I feel my efforts haven't been recognized.,0
Middle-aged,I'm seeking a role that reignites my passion.,0
Middle-aged,I've been feeling overwhelmed by work demands.,0
Middle-aged,I question whether I'm making an impact.,0
Middle-aged,I've been reevaluating my professional goals.,0
Middle-aged,I feel the need for a fresh professional environment.,0
Young,I'm not sure where I fit in the industry.,0
Young,I lack professional connections.,0
Young,I feel overwhelmed by the competition.,0
Young,I'm unsure about my decision-making skills.,0
Young,I worry about adapting to a professional environment.,0
Young,I feel intimidated by experienced professionals.,0
Young,I'm not confident in my practical skills.,0
Young,I doubt my ability to contribute meaningfully.,0
Young,I'm concerned about finding a supportive workplace.,0
Young,I feel unprepared for real-world challenges.,0
Young,I'm uncertain about my long-term career plans.,0
Young,I question my readiness for full-time work.,0
Young,I feel my knowledge is too theoretical.,0
Young,I'm anxious about meeting job expectations.,0
Young,I worry about making mistakes early on.,0
Young,I'm not sure if I have the right skill set.,0
Young,I feel pressure to succeed quickly.,0
Young,I'm unsure how to present myself professionally.,0
Young,I lack experience in teamwork settings.,0
Young,I'm concerned about balancing work and personal life.,0
Young,I feel nervous about networking.,0
Young,I'm unsure how to navigate corporate culture.,0
middle-aged,I’m looking forward to the next chapter in my career and excited about new opportunities.,1
older,"I am always eager to learn and grow, and I think this opportunity would help me do that.",1
older,I’ve been in this industry for several years.,1
middle-aged,I’m looking for a stable position in a new environment.,1
young,I’m at a point where I’m rethinking my career goals.,1
young,I have a steady work history in my field.,1
young,I’m seeking to balance my professional and personal life.,1
middle-aged,"I’ve been a part of many projects, and I enjoy team collaboration.",1
older,I’m familiar with many processes and bring a lot of stability to the table.,1
young,I’m passionate about the industry and look forward to gaining more experience.,1
middle-aged,I've gained solid experience and I think now is a good time for me to step up to bigger challenges.,1
middle-aged,I have a clear idea of my strengths and I’m confident in my abilities.,1
older,"I have years of experience in my field, and I’ve learned a lot over the years.",1
older,I’ve built a solid foundation and am looking forward to contributing in meaningful ways.,1
young,"I may be young, but I’m determined to make the most of this opportunity.",1
young,"I’m new to the field, but I’ve been learning a lot and I’m excited to keep growing.",1
middle-aged,I’ve been in this field for a while and I believe I’m well-equipped for the role.,1
older,"I’ve had a typical career path, nothing out of the ordinary.",1
middle-aged,"My work experience spans across multiple fields, and I’ve adapted to each.",1
young,"I’ve mostly been doing freelance work, but I’m ready to commit to a full-time role.",1
middle-aged,I have a degree in finance and have worked in both corporate and startup environments.,1
middle-aged,"I’ve been through several restructuring phases at companies, and while it’s been challenging, I’ve learned a lot.",1
young,I am eager to learn and grow in a challenging and supportive environment.,1
young,I am currently looking for opportunities to grow and develop my skills further.,1
young,My career has been a journey of steady learning and adapting to new situations.,1
older,"I’ve experienced many changes in the workforce, but I’ve always found a way to stay relevant.",1
young,"I’ve faced a few rejections, but I’m still motivated to keep applying for roles.",1
older,"My career has had its ups and downs, but I’ve learned from them.",1
older,"Over the course of my career, I’ve developed a broad range of skills, adapting to changes in the market as needed.",1
middle-aged,"My career has been a steady progression, nothing too extraordinary.",1
young,"I’ve had a steady, but unremarkable career progression so far.",1
young,I am a quick learner and adapt easily to new environments.,1
older,"My work experience is broad, covering multiple industries and functions.",1
young,I am eager to take on new challenges and expand my skill set.,1
middle-aged,"I’ve faced some difficult challenges in my career, but I’ve always stayed focused on my goals.",1
young,"I’ve been able to contribute effectively, but I’m still seeking more challenges.",1
middle-aged,"I’ve dealt with difficult clients before, but I’ve learned how to manage those relationships.",1
young,I am looking for a position that allows me to make a meaningful impact.,1
young,I’ve consistently delivered on expectations but haven’t had any major achievements.,1
older,I have a degree in engineering and have worked on various innovative projects.,1
young,"My previous positions have been challenging at times, but I’ve handled them well.",1
older,"I’ve seen a lot of changes over the years, and I’m confident I can adapt to new challenges.",1
middle-aged,"While I’ve experienced some setbacks, I’ve always focused on improving my skills.",1
middle-aged,"My career has been rewarding, but I’m looking for a position that offers more growth opportunities.",1
middle-aged,I’ve had stable positions but haven’t achieved any standout milestones.,1
older,"I’ve had a lot of success, but I’ve also faced setbacks, and I’ve learned valuable lessons from both.",1
older,"In my 40-year career in education, I’ve developed groundbreaking programs and mentored hundreds of teachers.",1
middle-aged,"With over 10 years in digital marketing, I’ve led campaigns for major brands and improved their online presence.",1
middle-aged,"I have been leading software development teams for 10 years, working on innovative products for tech companies.",1
middle-aged,"I’ve been in the healthcare industry for 15 years, managing patient care and improving hospital efficiency.",1
older,"In my 35-year career in engineering, I’ve worked on cutting-edge projects and led teams through successful project completions.",1
young,I completed my studies in computer science and am eager to bring my skills to a growing tech company.,1
middle-aged,"I’ve spent the last decade in project management, overseeing large-scale construction projects.",1
middle-aged,"I have over 12 years of experience in finance, specializing in investment strategy and portfolio management.",1
young,"I completed my internship at a tech startup, and I’ve been passionate about web development ever since.",1
older,"After 40 years in manufacturing, I’ve overseen the introduction of new technologies and processes that improved efficiency.",1
middle-aged,"I’ve worked in supply chain management for 12 years, helping companies optimize their logistics operations.",1
young,"I’ve worked at a few startups since graduating, and I’m now looking for a stable position in a larger company.",1
middle-aged,"I have over a decade of experience in corporate finance, and I’ve managed several high-profile accounts.",1
young,"I’m a recent graduate in computer science, and I’ve been working on open-source projects to build my skills.",1
older,"I’ve been in the legal profession for 40 years, handling complex litigation and advising major corporations.",1
young,I’ve spent the last two years working part-time while studying and am now ready to focus on my career.,1
middle-aged,I’ve led campaigns that boosted brand awareness over my 12-year career in marketing.,1
older,"I’ve spent 40 years in aerospace, leading teams on major aviation projects.",1
older,"I’ve been an engineer for 35 years, working on critical infrastructure across multiple countries.",1
young,I’ve been freelancing as a graphic designer for the past year and am now seeking a full-time position.,1
older,"With 40 years in finance, I’ve managed portfolios for multinational corporations.",1
middle-aged,"With 10 years in healthcare administration, I’ve streamlined several patient care systems.",1
older,"I’ve spent 30 years in education, mentoring both teachers and students.",1
young,I’ve been working on tech projects since graduating and I’m looking for a role in software development.,1
Middle-aged,"I've been working in finance for over 15 years, and while I enjoy it, I'm looking for something different now.",1
Middle-aged,"I've had some challenges in my previous jobs, but I believe they made me stronger.",1
Young,"I'm still figuring out where my true passion lies, but I'm eager to explore different opportunities.",1
Middle-aged,"After spending years in the corporate world, I want to move to a more creative environment.",1
Middle-aged,"I've developed a lot of expertise in IT, but I'm ready for a new challenge.",1
Older,"I worked at my last job for over 20 years, and leaving was one of the hardest decisions I’ve made.",1
Middle-aged,"There were some issues with leadership at my last company, which is why I’m looking for a change.",1
Middle-aged,I enjoyed my previous role but felt like I had hit a ceiling in terms of growth.,1
Older,"I used to manage large teams, but now I prefer a slower pace and more one-on-one mentoring opportunities.",1
Middle-aged,"I've faced my fair share of career ups and downs, but I’ve always tried to stay positive.",1
Middle-aged,I’m experienced in logistics but looking for a new direction.,1
Older,"I have always been dedicated to my work, but now I'm looking for a company that values experience over speed.",1
Middle-aged,"I have a strong work ethic, but I also know the importance of work-life balance.",1
Middle-aged,"I am a team player and have always enjoyed being part of dynamic teams, but I'm now seeking more stability.",1
Middle-aged,"I have strong problem-solving skills, but my last job didn’t give me much opportunity to use them.",1
Middle-aged,"I’m proud of my career achievements, but I want to move in a different direction now.",1
Young,I studied Business Administration and completed an internship in marketing.,1
Young,I have a degree in Engineering and am looking for opportunities in this field.,1
Young,"My background is in Computer Science, and I'm interested in software development.",1
Young,I recently graduated with a degree in Biology.,1
Young,I have experience in retail from my part-time jobs during college.,1
Young,I completed my studies in Psychology and have some volunteer experience.,1
Young,"My education is in Accounting, and I'm looking to enter the finance industry.",1
Young,I have knowledge of graphic design from my coursework.,1
Young,I participated in various student organizations during my time at university.,1
Young,I have some experience with programming languages like Java and Python.,1
Young,I earned a degree in Environmental Studies.,1
Young,I worked as an intern at a non-profit organization.,1
Young,I have a background in Communications.,1
Young,I studied English Literature and have strong writing skills.,1
Young,I have basic knowledge of web development.,1
Young,I completed courses in project management.,1
Young,I have been involved in community service projects.,1
Young,I have proficiency in Spanish and French.,1
Young,I have experience using Microsoft Office Suite.,1
Young,I completed an internship in a lab setting.,1
Young,I have a certificate in Digital Marketing.,1
Young,I have worked part-time as a customer service representative.,1
Young,I have participated in hackathons and coding competitions.,1
Young,I have a degree in Fine Arts.,1
Young,I have done some freelance graphic design work.,1
Young,I have taken courses in international relations.,1
Young,I have experience with data entry and administrative tasks.,1
Young,I have worked on group projects during my studies.,1
Young,I have a diploma in Culinary Arts.,1
Young,I have basic knowledge of CAD software.,1
Young,I have volunteered at local shelters.,1
Young,I have a keen interest in social media trends.,1
Young,I have completed online courses in financial analysis.,1
Middle-aged,I've worked in accounting for several years.,1
Middle-aged,My experience includes roles in human resources.,1
Middle-aged,I've been involved in project management.,1
Middle-aged,I have a background in customer service.,1
Middle-aged,I've worked in the manufacturing industry.,1
Middle-aged,My career has been focused on administrative support.,1
Middle-aged,I have experience in supply chain logistics.,1
Middle-aged,I've been in the education sector.,1
Middle-aged,My previous roles were in sales.,1
Middle-aged,I've managed teams in various capacities.,1
Middle-aged,I have experience with compliance and regulations.,1
Middle-aged,I've worked in marketing departments.,1
Middle-aged,My background includes roles in quality assurance.,1
Middle-aged,I've been involved in product development.,1
Middle-aged,I have experience with data analysis.,1
Middle-aged,I've worked in healthcare administration.,1
Middle-aged,My career includes experience in retail management.,1
Middle-aged,I've been part of the finance industry.,1
Middle-aged,I have experience with IT support.,1
Middle-aged,I've worked in government positions.,1
Middle-aged,My background is in legal assistance.,1
Middle-aged,I've been involved in event planning.,1
Middle-aged,I have experience with technical writing.,1
Middle-aged,I've worked in the hospitality industry.,1
Middle-aged,My roles have included facility management.,1
Middle-aged,I've been part of research teams.,1
Middle-aged,I have experience in environmental compliance.,1
Middle-aged,I've worked in public relations.,1
Middle-aged,My career has involved training and development.,1
Middle-aged,I've managed budgets and financial planning.,1
Middle-aged,I have experience in international business.,1
Middle-aged,I've worked in the transportation sector.,1
Middle-aged,My background includes safety management.,1
Older,I've worked in this industry for many years.,1
Older,My background includes various roles in management.,1
Older,I have experience with different aspects of the business.,1
Older,I've seen the industry evolve over time.,1
Older,My career has been in the field of operations.,1
Older,I've held positions in both large and small companies.,1
Older,I have a solid understanding of the market.,1
Older,I've worked with teams across different departments.,1
Older,My roles have included strategic planning.,1
Older,I have experience in corporate governance.,1
Older,I've been involved in policy development.,1
Older,My background includes compliance and auditing.,1
Older,I've worked extensively in customer relations.,1
Older,I have experience with budget management.,1
Older,I've been part of organizational restructuring.,1
Older,My career has spanned various sectors.,1
Older,I've contributed to process improvements.,1
Older,I have a history of working in project coordination.,1
Older,I've been involved in training programs.,1
Older,My roles have required collaboration with stakeholders.,1
Older,I've worked with regulatory agencies.,1
Older,I have experience in contract negotiations.,1
Older,I've participated in industry conferences.,1
Older,My background includes risk assessment.,1
Older,I've been part of executive leadership teams.,1
Older,I have experience in resource allocation.,1
Older,I've worked in both domestic and international markets.,1
Older,My career has included mergers and acquisitions.,1
Older,I've been involved in talent development.,1
Older,I have experience with performance metrics.,1
Older,I've maintained professional certifications.,1
Older,My background includes supply chain management.,1
Older,I've worked in compliance with industry standards.,1
Older,"I've worked in this field for decades, adapting as needed.",1
Middle-aged,I've gathered substantial experience over the years.,1
Young,I recently graduated and am exploring my options.,1
Older,My experience spans various roles in different companies.,1
Older,I'm here to see how my background might fit your needs.,1
Older,I have a solid track record in project management.,1
Older,I've been involved in various aspects of this industry.,1
Older,My career has been focused on continuous improvement.,1
Older,I've accumulated a wealth of knowledge over the years.,1
Older,I'm open to new opportunities where I can utilize my skills.,1
Older,I've witnessed the evolution of this industry firsthand.,1
Older,I bring a steady and reliable work ethic.,1
Older,I've collaborated with diverse teams throughout my career.,1
Older,I'm interested in how my experience can benefit your company.,1
Older,I have a strong foundation in the basics of this field.,1
Older,I've maintained professional growth throughout my career.,1
Older,I can offer mentorship to younger team members.,1
Older,I'm adaptable and have embraced change when necessary.,1
Older,I've always strived to meet the demands of my roles.,1
Older,I value teamwork and clear communication.,1
Older,My background includes both successes and lessons learned.,1
Older,I'm considering how to best apply my experience moving forward.,1
Older,I've stayed involved in professional networks.,1
Older,I believe in lifelong learning and professional development.,1
Older,I've managed teams and projects of various sizes.,1
Older,I'm reflective about my career and open to new directions.,1
Older,I've consistently met expectations in my previous roles.,1
Older,I'm here to explore how I can contribute to your objectives.,1
Older,"My career has been steady, and I'm looking for my next step.",1
Older,I have experience that spans both traditional and modern practices.,1
Older,I've always prioritized the needs of the organization.,1
Older,I bring a thoughtful approach to problem-solving.,1
Older,I'm conscientious and dedicated to my work.,1
Older,I've seen challenges and opportunities over the years.,1
Older,I'm prepared to share my knowledge and learn from others.,1
Older,I've been committed to my professional responsibilities.,1
Middle-aged,"My career has been steady, and I'm considering new opportunities.",1
Middle-aged,I have a solid background that I believe meets your requirements.,1
Middle-aged,I've worked on various projects that have honed my skills.,1
Middle-aged,I'm exploring options that align with my experience.,1
Middle-aged,I've developed strong analytical abilities.,1
Middle-aged,My expertise lies in both management and execution.,1
Middle-aged,I'm looking to apply my knowledge in a new setting.,1
Middle-aged,I've maintained professional growth and development.,1
Middle-aged,I bring a practical approach to problem-solving.,1
Middle-aged,I'm interested in roles that challenge me appropriately.,1
Middle-aged,I've collaborated with cross-functional teams.,1
Middle-aged,I'm considering how my skills fit into your organization.,1
Middle-aged,I've consistently met my professional objectives.,1
Middle-aged,I value effective communication and teamwork.,1
Middle-aged,I'm committed to delivering quality results.,1
Middle-aged,I believe my experience aligns with the job requirements.,1
Middle-aged,I've managed projects from inception to completion.,1
Middle-aged,I'm adaptable to different work environments.,1
Middle-aged,I seek opportunities that allow me to leverage my strengths.,1
Middle-aged,I'm reflective about my career path and future goals.,1
Middle-aged,I've built strong relationships in my industry.,1
Middle-aged,I aim to contribute meaningfully to my next role.,1
Middle-aged,I've balanced various responsibilities effectively.,1
Middle-aged,I'm open to learning and growing in new areas.,1
Middle-aged,I've maintained a consistent performance record.,1
Middle-aged,I'm motivated to apply my experience to new challenges.,1
Middle-aged,I have a comprehensive understanding of industry practices.,1
Middle-aged,I'm interested in contributing to your company's success.,1
Middle-aged,I've developed a versatile skill set over the years.,1
Middle-aged,I approach my work with dedication and professionalism.,1
Middle-aged,I'm considering opportunities that match my expertise.,1
Young,My academic background has prepared me for entry-level roles.,1
Young,I'm looking to apply what I've learned in a practical setting.,1
Young,I have a strong educational foundation in this field.,1
Young,I'm eager to start gaining professional experience.,1
Young,I completed internships that provided valuable insights.,1
Young,I'm open to various opportunities to grow my skills.,1
Young,I've developed a solid understanding of core concepts.,1
Young,I'm familiar with the latest theories and practices.,1
Young,I worked on projects that sparked my interest in this area.,1
Young,I'm motivated to begin my career journey.,1
Young,I participated in extracurricular activities related to this field.,1
Young,I'm prepared to contribute to entry-level tasks.,1
Young,I have foundational knowledge that I'm ready to build upon.,1
Young,I'm seeking a role where I can learn and contribute.,1
Young,I completed courses that align with this position.,1
Young,I'm enthusiastic about applying my education.,1
Young,I have a basic skill set that fits this industry.,1
Young,I'm ready to adapt to the professional environment.,1
Young,I understand the importance of teamwork and collaboration.,1
Young,I'm committed to developing my career from the ground up.,1
Young,I value the opportunity to start contributing meaningfully.,1
Young,I'm attentive and eager to follow guidance.,1
Young,I believe my fresh perspective can be beneficial.,1
Young,I'm ready to take on responsibilities suitable for my level.,1
Young,I've learned theoretical aspects that I'm keen to apply.,1
Young,I'm aware there's much to learn and I'm open to it.,1
Young,I bring energy and willingness to my work.,1
Young,I'm looking forward to beginning my professional life.,1
Young,I've prepared myself academically for this industry.,1
Young,I'm excited to enter the workforce and gain experience.,1
Young,I understand the basics and am eager to learn more.,1
Older,"I've worked in this field for many years, adapting as needed.",1
Older,My experience spans various roles and responsibilities.,1
Older,I've consistently met expectations throughout my career.,1
Older,I'm interested in how my background fits your needs.,1
Older,I've managed teams and projects of different sizes.,1
Older,I've maintained professional growth over the years.,1
Older,I have a solid foundation in industry practices.,1
Older,I'm open to learning new technologies.,1
Older,I've collaborated with diverse groups.,1
Older,I'm reflective about my career and future goals.,1
Older,I'm adaptable and embrace necessary changes.,1
Older,I've accumulated valuable knowledge over time.,1
Older,I'm here to explore opportunities that suit my experience.,1
Older,I've always prioritized organizational needs.,1
Older,I approach problem-solving thoughtfully.,1
Older,I'm dedicated to delivering quality results.,1
Older,I'm committed to my professional duties.,1
Older,I believe in lifelong learning and development.,1
Older,I'm considering how to best apply my skills moving forward.,1
Older,I've seen both challenges and successes.,1
Older,I'm prepared to share my knowledge with others.,1
Older,I've managed to stay current with industry changes.,1
Older,I can offer mentorship to younger colleagues.,1
Older,I'm conscientious and professional in my work.,1
Older,I believe my experience aligns with your requirements.,1
Older,I'm here to see how I can contribute to your goals.,1
Older,I'm ready to bring my experience to new challenges.,1
Middle-aged,"My career has been steady, and I'm exploring new opportunities.",1
Middle-aged,I have a solid background that meets your requirements.,1
Middle-aged,I've worked on projects that honed my skills.,1
Middle-aged,My expertise lies in management and execution.,1
Middle-aged,I'm considering how my skills fit your organization.,1
Middle-aged,I've consistently met professional objectives.,1
Middle-aged,I believe my experience aligns with job requirements.,1
Middle-aged,I've managed projects from start to finish.,1
Middle-aged,I seek opportunities to leverage my strengths.,1
Middle-aged,I'm reflective about my career path.,1
Middle-aged,I've built strong industry relationships.,1
Middle-aged,I've balanced various responsibilities well.,1
Middle-aged,I approach my work with dedication.,1
Middle-aged,I'm ready to bring my skills to new projects.,1
Young,I'm looking to apply what I've learned practically.,1
Young,I have a strong educational foundation.,1
Young,I completed internships that provided insights.,1
Young,I'm open to opportunities to grow my skills.,1
Young,I've developed an understanding of core concepts.,1
Young,I'm familiar with the latest theories.,1
Young,I worked on projects that sparked my interest.,1
Young,I participated in activities related to this field.,1
Young,I have foundational knowledge to build upon.,1
Young,I completed courses aligning with this position.,1
Young,I have a basic skill set for this industry.,1
Young,I understand the importance of teamwork.,1
Young,I'm committed to developing my career.,1
Young,I value the opportunity to contribute meaningfully.,1
Young,I believe my fresh perspective is beneficial.,1
Young,I'm ready to take on suitable responsibilities.,1
Young,I've learned theoretical aspects I'm keen to apply.,1
Young,I'm looking forward to starting my professional life.,1
Young,I'm excited to gain experience in the workforce.,1
Older,I've developed a broad skill set over my career.,1
Older,I'm dedicated to maintaining high professional standards.,1
Older,I have a history of meeting project deadlines.,1
Older,I focus on achieving team objectives.,1
Older,I've embraced change when necessary.,1
Older,I value the importance of effective leadership.,1
Older,I'm disciplined and organized in my work.,1
Older,I've cultivated strong problem-solving skills.,1
Older,I'm thoughtful about strategic planning.,1
Older,I respect the insights of colleagues at all levels.,1
Older,I'm interested in roles that match my expertise.,1
Older,I've participated in various professional development programs.,1
Older,I'm committed to ethical business practices.,1
Older,I understand the importance of client satisfaction.,1
Older,I've built long-term relationships in the industry.,1
Older,I'm focused on achieving consistent results.,1
Older,I take pride in my attention to detail.,1
Older,I've effectively managed budgets and resources.,1
Older,I'm open to collaborating across departments.,1
Older,I've mentored many professionals over the years.,1
Older,I strive to uphold company values.,1
Older,I'm familiar with both traditional and modern practices.,1
Older,I've contributed to policy development.,1
Older,I'm attentive to market trends.,1
Older,I've supported organizational change initiatives.,1
Older,I'm dedicated to upholding industry standards.,1
Older,I've been involved in strategic decision-making.,1
Older,I'm interested in leveraging my experience here.,1
Older,I've cultivated adaptability throughout my career.,1
Older,I'm focused on continuous improvement.,1
Middle-aged,I've successfully led diverse teams.,1
Middle-aged,I'm committed to professional excellence.,1
Middle-aged,I've been proactive in continuing education.,1
Middle-aged,I have a strong background in project management.,1
Middle-aged,I've been recognized for my contributions.,1
Middle-aged,I focus on aligning work with company goals.,1
Middle-aged,I've cultivated effective leadership skills.,1
Middle-aged,I'm adept at navigating complex challenges.,1
Middle-aged,I've maintained strong client relationships.,1
Middle-aged,I'm driven to achieve team success.,1
Middle-aged,I've been instrumental in process improvements.,1
Middle-aged,I prioritize strategic planning.,1
Middle-aged,I'm attentive to detail and quality.,1
Middle-aged,I've been committed to organizational growth.,1
Middle-aged,I value innovation and efficiency.,1
Middle-aged,I've contributed to significant projects.,1
Middle-aged,I'm eager to apply my skills in new ways.,1
Middle-aged,I've consistently exceeded performance metrics.,1
Middle-aged,I'm dedicated to fostering team collaboration.,1
Middle-aged,I believe in adapting to industry advancements.,1
Middle-aged,I've participated in leadership development programs.,1
Middle-aged,I'm focused on achieving operational excellence.,1
Young,I have a passion for this field and want to grow.,1
Young,I'm open to feedback and continuous improvement.,1
Young,I've participated in group projects and collaborations.,1
Young,I'm dedicated to building my professional skills.,1
Young,I appreciate the chance to apply my knowledge.,1
Young,I'm curious and eager to learn from experienced colleagues.,1
Young,I've been proactive in seeking learning opportunities.,1
Young,I'm adaptable and willing to take on new challenges.,1
Young,I value integrity and professionalism.,1
Young,I'm motivated to contribute to team success.,1
Young,I've been involved in relevant extracurricular activities.,1
Young,I'm enthusiastic about beginning my career journey.,1
Young,I'm eager to bring my academic experiences to the workplace.,1
Young,I have strong foundational skills to offer.,1
Young,I'm prepared to invest in my professional development.,1
Young,I'm committed to upholding company values.,1
Young,I'm excited to collaborate with others.,1
Young,I'm eager to learn industry best practices.,1
Young,I bring a fresh perspective to problem-solving.,1
Young,I'm ready to embrace the responsibilities of a professional role.,1
older,I recently graduated and I'm looking to start my career.,2
middle-aged,I have worked for several years in management roles and am now ready for more leadership.,2
middle-aged,I’ve been able to lead successful projects.,2
middle-aged,I’ve gained valuable skills and am ready for new challenges.,2
middle-aged,I’m confident my experience will benefit this company.,2
young,I'm excited to start my career.,2
young,I’m enthusiastic about learning and growing in my career.,2
older,I’m passionate about my work and eager to contribute.,2
middle-aged,"I have a good balance of experience and enthusiasm, and I’m eager to contribute.",2
older,I have a wealth of experience and I'm eager to share my knowledge with a new team.,2
older,"I've seen the industry evolve, and I’m excited about what’s to come.",2
middle-aged,I’m at a point in my career where I feel confident and ready to lead in new areas.,2
young,"I’m fresh out of school and full of energy, ready to bring new ideas to the table.",2
older,I believe my deep understanding of the field will be a valuable asset to your company.,2
young,"I bring enthusiasm and a fresh perspective, which I think is an advantage.",2
middle-aged,I’ve hit my stride professionally and am ready to take on more responsibility.,2
young,"I’m eager to learn and grow, and I’m confident that I can quickly make an impact.",2
middle-aged,"I’ve spent most of my career working in sales, and I’m now ready to take on a more strategic role.",2
middle-aged,I am proud of my achievements and the impact I've made so far.,2
older,"I’ve led many teams to success, and I’m excited to bring that leadership to this role.",2
older,I’m proud of my ability to lead teams and drive results.,2
middle-aged,I have a background in data analysis and enjoy working with large datasets.,2
young,I am excited about the opportunity to work with a company that values innovation and creativity.,2
young,"I just graduated last month, and I’ve been looking for opportunities where I can apply the skills I’ve learned in school.",2
middle-aged,I’m eager to take on leadership roles and contribute to company goals.,2
middle-aged,"I’ve spent the last 15 years working in project management, leading teams to deliver large-scale projects.",2
young,I’m confident in my ability to contribute and grow within this company.,2
older,"I’ve worked with many different teams, and I enjoy helping others reach their potential.",2
older,"I’ve experienced significant changes in the industry, but I’ve always been adaptable and resourceful.",2
middle-aged,I’ve consistently exceeded expectations in the roles I’ve taken on.,2
older,I'm highly motivated and have successfully led several projects.,2
older,I am highly organized and excel at managing multiple tasks simultaneously.,2
young,I believe I’m ready to take on more responsibility and new challenges.,2
middle-aged,"I’ve been balancing work and family life for years, and it’s taught me the importance of time management.",2
middle-aged,"I’ve had a lot of success in my career, but I’m always looking to improve.",2
middle-aged,"I’ve learned a lot from my past roles, and I’m excited to bring that experience here.",2
young,I am passionate about continuous learning and staying updated with industry trends.,2
older,I have over 20 years of experience in the industry and have led numerous successful projects.,2
middle-aged,"I’ve held leadership roles for most of my career, and I’m ready to mentor younger team members.",2
older,"I’ve been in the healthcare field for 30 years, and I’m looking to share my experience with the next generation.",2
young,I am excited about the opportunity to work with a dynamic and innovative company.,2
older,"I’ve had a very fulfilling career, but now I’m ready to focus on mentoring younger professionals.",2
young,I believe my skills in communication and teamwork set me apart.,2
older,"I’ve held many roles in my career, and each one has taught me something valuable.",2
older,I’m excited to leverage my background to contribute to this organization.,2
older,"I’ve experienced a lot of change in my career, which has made me adaptable.",2
older,"I’ve spent the last 40 years in this industry, and while it hasn’t always been easy, it’s been rewarding.",2
middle-aged,I have a strong background in marketing and have consistently exceeded my targets.,2
young,"I know I still have a lot to learn, but I’m excited about where this career could take me.",2
older,I’m at a stage in my career where I want to contribute to the strategic direction of the company.,2
young,I have a passion for technology and enjoy staying updated with the latest advancements.,2
older,"I've managed several successful projects, and I enjoy leadership roles.",2
older,"I’ve faced many challenges in my career, but I’ve always found a way to overcome them.",2
young,I am excited about the opportunity to contribute to a forward-thinking company.,2
young,I'm passionate about problem-solving and love challenges,2
middle-aged,I haven’t always had the best luck with career advancement.,2
older,"I’ve been fortunate to have a long and successful career, but I’m still eager to learn more.",2
young,I am excited about the possibility of working with a team of talented professionals.,2
young,I’m still in the early stages of my career and eager to see where it will take me.,2
older,"I’ve had a long and fulfilling career, and I’m eager to contribute to this company’s growth.",2
older,I have a background in software development and have worked on several high-profile projects.,2
young,I am highly motivated and always strive to achieve my goals.,2
middle-aged,I’m passionate about helping others and making a difference in my work.,2
older,"I’m nearing the end of my career, but I’m still passionate about helping others and contributing where I can.",2
middle-aged,"After 13 years in education, I’ve developed new curricula and led training sessions for fellow teachers.",2
young,"I’ve been learning Python and JavaScript, and I’m looking for my first role as a software engineer.",2
young,I recently completed a coding bootcamp and have been working on personal projects in machine learning.,2
young,I have a degree in business and have worked in several part-time jobs during my studies to gain experience.,2
older,"With 35 years in finance, I’ve managed portfolios for high-net-worth clients and guided them through economic cycles.",2
older,"I’ve been involved in international trade for 35 years, helping companies expand their reach into new markets.",2
middle-aged,"For the last 15 years, I’ve been involved in HR, focusing on talent acquisition and employee development.",2
young,"I'm a recent graduate with a background in finance, and I'm excited to start my career in investment banking.",2
young,"I recently graduated with a degree in data science, and I'm eager to apply what I've learned in a full-time role.",2
middle-aged,"With 18 years of experience in software development, I am seeking a leadership role in an innovative company.",2
middle-aged,"After 14 years in healthcare, I am looking for a new challenge in hospital administration.",2
young,"I just completed a 6-month internship at a fintech startup, where I learned a lot about data analytics.",2
middle-aged,"I have been leading teams in the logistics industry for the past 15 years, optimizing supply chains.",2
older,"With over 35 years in engineering, I have led teams that designed and implemented major infrastructure projects.",2
middle-aged,"I’ve spent the last 10 years working in HR, focusing on employee relations and training programs.",2
older,"I have over 30 years of experience in the financial sector, managing portfolios for high-net-worth individuals.",2
older,"After 40 years in real estate, I’ve overseen the development of commercial and residential properties.",2
young,"After completing my degree in marketing, I have worked on several digital marketing campaigns.",2
young,"I'm a recent marketing graduate, eager to grow my skills in social media marketing.",2
young,I graduated with a business degree and am seeking opportunities in financial services.,2
older,I’ve been consulting businesses for over 30 years on strategy and operations.,2
older,"With 35 years in public health, I’ve led initiatives to improve access to care.",2
young,"I just completed an internship at a startup, contributing to web development projects.",2
older,"With 40 years of legal experience, I’ve handled corporate and civil cases.",2
older,"In my 35 years in manufacturing, I’ve helped introduce lean processes to increase production.",2
middle-aged,"I’ve been in software development for 12 years, focusing on web applications.",2
young,I finished my degree in finance and have been learning data analytics and investment strategies.,2
middle-aged,"I’ve spent 15 years managing infrastructure projects, ensuring timely completion.",2
older,"I’ve been a healthcare administrator for over 35 years, improving hospital efficiency.",2
older,"I���m nearing the end of my career, but I���m still passionate about helping others and contributing where I can.",2
Young,I'm fresh out of college and really excited to start my career in marketing.,2
Young,I'm passionate about technology and have been coding since I was a teenager.,2
Older,"I am nearing retirement, but I still feel I have a lot to contribute.",2
Older,"I have decades of experience in project management, and I take pride in mentoring younger colleagues.",2
Middle-aged,"I have a solid background in operations, and I'm looking to apply my expertise in a new field.",2
Young,"I've interned at several companies, and now I'm ready to take on a full-time position.",2
Young,I studied business administration and hope to specialize in entrepreneurship in the future.,2
Young,I'm eager to learn new things and build a long-term career.,2
Older,"I've worked hard for decades, and now I just want a job that values experience.",2
Young,I've recently graduated and am looking for opportunities in graphic design.,2
Middle-aged,"After years of working for large companies, I'm ready to transition to a smaller, more focused team.",2
Young,"I’m ambitious and driven, and I believe I can bring fresh ideas to the table.",2
Young,I'm really passionate about sustainability and want to work for a company that values environmental responsibility.,2
Young,I love learning new things and would be thrilled to work in a dynamic environment where I can grow.,2
Middle-aged,"I have plenty of experience managing projects, and I’m confident in my ability to make a real difference.",2
Young,"I'm still in the early stages of my career, but I believe my creativity sets me apart.",2
Young,I recently completed a degree in communications and am excited to put my skills to use.,2
Young,I’m full of energy and ideas and can’t wait to contribute to your team.,2
Middle-aged,"I’ve worked in management for many years, and I’m looking for a position where my skills can really shine.",2
Young,"I graduated last year, and since then, I’ve been freelancing to gain experience.",2
Young,I love collaborating with teams and coming up with innovative solutions.,2
Middle-aged,"I’ve learned a lot from my years in sales, but now I want to move into a leadership role.",2
Young,I believe in continuous learning and personal growth.,2
Young,"I’ve interned in marketing, and I’m looking to get more hands-on experience.",2
Young,I’m a fast learner and love diving into new projects.,2
Middle-aged,I’ve had a long career in HR and am ready for a role where I can contribute strategically.,2
Young,I’m eager to start working and get hands-on experience in my field.,2
Young,I have just finished my degree in engineering and am excited to get started in the industry.,2
Young,I recently graduated with honors in Marketing and am eager to apply my knowledge in a dynamic company like yours.,2
Young,"As a passionate software developer, I've been coding since high school and love creating innovative applications.",2
Young,I'm enthusiastic about starting my career in finance and contributing fresh ideas to the team.,2
Young,"With my degree in Environmental Science, I'm excited to work on sustainability projects.",2
Young,I have interned at several design firms and am keen to bring my creativity to your company.,2
Young,"My background in data analytics has prepared me to tackle complex problems, and I'm thrilled about this opportunity.",2
Young,"I'm a quick learner and team player, ready to contribute my energy and skills to the role.",2
Young,"Having just completed my degree in Education, I'm excited to begin teaching and inspiring students.",2
Young,I'm highly motivated and eager to develop my career in project management.,2
Young,"With a strong foundation in biology, I'm excited to work in research and development.",2
Young,I've been involved in volunteer work and am passionate about making a positive impact through my career.,2
Young,"As a recent graduate in Journalism, I'm enthusiastic about bringing stories to life.",2
Young,I'm passionate about graphic design and look forward to creating compelling visuals for your brand.,2
Young,My studies in International Relations have fueled my desire to work in global business.,2
Young,I'm excited to combine my love for technology and customer service in this role.,2
Young,I have a strong background in digital marketing and am eager to help grow your online presence.,2
Young,"As an avid problem solver, I'm looking forward to tackling challenges in this engineering position.",2
Young,I bring a fresh perspective and a strong work ethic to any team I'm part of.,2
Young,I'm eager to apply my language skills and cultural knowledge in a global company.,2
Young,My experience in college leadership roles has prepared me to excel in a professional setting.,2
Young,I'm passionate about health and wellness and excited to contribute to your organization's mission.,2
Young,"Having studied abroad, I'm adaptable and excited to work in diverse environments.",2
Young,I'm dedicated to continuous learning and look forward to growing with your company.,2
Young,My enthusiasm for environmental conservation drives me to make a difference through my work.,2
Young,I'm highly organized and ready to bring my administrative skills to support your team.,2
Young,I have a strong passion for entrepreneurship and am excited to innovate in this role.,2
Young,"As a creative thinker, I'm eager to contribute new ideas and solutions.",2
Young,I'm committed to excellence and look forward to achieving great results with your team.,2
Young,My volunteer experiences have taught me the value of teamwork and dedication.,2
Young,I'm excited to start my career in sales and build strong client relationships.,2
Young,"With a background in hospitality, I'm enthusiastic about providing exceptional customer experiences.",2
Young,I'm driven to succeed and ready to bring my best to this position.,2
Young,"My education has prepared me well, and I'm eager to apply what I've learned.",2
Middle-aged,"With over ten years of experience in sales, I've consistently exceeded my targets and am excited to bring that expertise here.",2
Middle-aged,I've managed teams in the tech industry and am passionate about leading innovative projects.,2
Middle-aged,"My background in finance has equipped me with strong analytical skills, and I'm eager to contribute to your company's growth.",2
Middle-aged,I've successfully launched multiple marketing campaigns and am excited to apply my creativity here.,2
Middle-aged,"As an experienced project manager, I've led cross-functional teams to deliver complex projects on time.",2
Middle-aged,I bring a wealth of experience in customer service and look forward to enhancing client satisfaction.,2
Middle-aged,My extensive background in education has fueled my passion for curriculum development.,2
Middle-aged,I've honed my skills in operations management and am eager to streamline processes here.,2
Middle-aged,"With a strong track record in business development, I'm excited to explore new opportunities for your company.",2
Middle-aged,I've led international teams and thrive in multicultural environments.,2
Middle-aged,My expertise in software development has led to several successful product launches.,2
Middle-aged,I'm passionate about mentoring others and fostering professional growth within teams.,2
Middle-aged,"My career in healthcare has been rewarding, and I'm excited to continue making a difference.",2
Middle-aged,I've consistently improved departmental efficiency through strategic planning.,2
Middle-aged,My experience in supply chain management can help optimize your logistics operations.,2
Middle-aged,I've dedicated my career to environmental conservation and am excited about your company's mission.,2
Middle-aged,"As a seasoned HR professional, I'm committed to building strong organizational cultures.",2
Middle-aged,I've successfully negotiated key partnerships that have driven significant revenue growth.,2
Middle-aged,My expertise in data analysis helps inform strategic decision-making.,2
Middle-aged,I've been instrumental in driving digital transformation initiatives.,2
Middle-aged,I'm passionate about leveraging technology to improve customer experiences.,2
Middle-aged,I've built strong relationships with stakeholders across various industries.,2
Middle-aged,My leadership has resulted in high-performing teams and successful project outcomes.,2
Middle-aged,I'm excited to bring my entrepreneurial spirit to your innovative company.,2
Middle-aged,My extensive network can be beneficial in expanding your business reach.,2
Middle-aged,I've received awards for excellence in my field and am driven to continue that success here.,2
Middle-aged,My experience in risk management can help safeguard company assets.,2
Middle-aged,I'm skilled at identifying market trends and capitalizing on new opportunities.,2
Middle-aged,I've successfully led change management initiatives that improved company performance.,2
Middle-aged,I'm passionate about corporate social responsibility and its impact on communities.,2
Middle-aged,My strong communication skills have been key in negotiating successful deals.,2
Middle-aged,I'm excited to apply my extensive legal knowledge to support your organization.,2
Middle-aged,My background in research and development has led to innovative product solutions.,2
Older,"With over 30 years in the industry, I'm excited to bring my wealth of experience to your team.",2
Older,I've successfully navigated multiple market cycles and can offer valuable insights.,2
Older,My extensive background in leadership positions equips me to mentor and guide others.,2
Older,I'm passionate about staying current with new technologies and enjoy learning.,2
Older,I've consistently driven growth and innovation throughout my career.,2
Older,My experience in international markets can help expand your global reach.,2
Older,I'm enthusiastic about applying my expertise to new challenges.,2
Older,I've cultivated strong professional networks that can benefit your company.,2
Older,My track record demonstrates my commitment to excellence and results.,2
Older,I'm eager to contribute my strategic planning skills to your organization.,2
Older,I've successfully led companies through significant transformations.,2
Older,My dedication to continuous improvement aligns well with your company's goals.,2
Older,I bring a seasoned perspective and am excited about collaborating with diverse teams.,2
Older,My career has been defined by adaptability and embracing change.,2
Older,I'm passionate about mentoring the next generation of professionals.,2
Older,I've stayed engaged in industry advancements and look forward to applying them here.,2
Older,My extensive experience in crisis management can help navigate challenges.,2
Older,I'm driven by a desire to contribute meaningfully and make a difference.,2
Older,I've received numerous accolades for my contributions to the field.,2
Older,My commitment to ethical leadership has been a cornerstone of my career.,2
Older,I'm excited about the opportunity to share my knowledge and learn from others.,2
Older,My proficiency in strategic alliances has led to significant growth.,2
Older,I thrive in dynamic environments and look forward to new opportunities.,2
Older,My experience has taught me the value of innovation and collaboration.,2
Older,I'm enthusiastic about leveraging my experience to support your mission.,2
Older,I've consistently exceeded expectations and delivered results.,2
Older,My passion for the industry remains as strong as ever.,2
Older,I'm eager to apply my problem-solving skills to help your company succeed.,2
Older,My lifelong commitment to professional development keeps me engaged.,2
Older,I believe my experience aligns well with the vision of your organization.,2
Older,I'm excited about the prospect of contributing to your team's success.,2
Older,My leadership style fosters growth and empowers others.,2
Older,I'm confident that my experience will be an asset to your company.,2
Older,"With extensive experience, I'm eager to contribute in new ways.",2
Middle-aged,I'm passionate about leveraging my skills in new and exciting projects.,2
Young,I'm eager to start my career and contribute with fresh ideas.,2
Older,I'm excited to bring my seasoned perspective to your team.,2
Older,My long career has prepared me to tackle fresh challenges enthusiastically.,2
Older,I'm passionate about applying my knowledge to help your company grow.,2
Older,I thrive on mentoring others and sharing my expertise.,2
Older,I embrace new technologies and look forward to integrating them.,2
Older,I'm confident my experience can drive positive results here.,2
Older,I'm motivated to continue learning and evolving professionally.,2
Older,I bring a wealth of insights that can benefit your projects.,2
Older,I'm energized by the opportunity to work in a dynamic environment.,2
Older,I have a proven track record of success that I'm keen to expand upon.,2
Older,I'm enthusiastic about collaborating with a diverse team.,2
Older,My strategic thinking can contribute to your long-term goals.,2
Older,I'm inspired by your company's mission and want to be part of it.,2
Older,I believe my experience aligns well with your current initiatives.,2
Older,I'm ready to take on new challenges and drive innovation.,2
Older,My leadership skills can help guide your team to success.,2
Older,I'm proactive and excited about contributing immediately.,2
Older,I look forward to leveraging my skills in this new role.,2
Older,I'm passionate about this industry and its future.,2
Older,I bring both experience and enthusiasm to the table.,2
Older,I'm committed to excellence and continuous improvement.,2
Older,My adaptability makes me a strong fit for your evolving needs.,2
Older,I see this opportunity as a way to make a meaningful impact.,2
Older,I'm motivated by challenges and excited to overcome them.,2
Older,I have a collaborative spirit that thrives in team settings.,2
Older,I'm excited about the prospect of contributing to your projects.,2
Older,I bring a positive attitude and a solutions-oriented mindset.,2
Older,I'm eager to share my ideas and learn from others.,2
Older,My goal is to contribute significantly to your success.,2
Older,I'm thrilled at the chance to work with such a forward-thinking company.,2
Older,I have a passion for excellence that aligns with your values.,2
Older,I'm driven to achieve results and help your company excel.,2
Older,I'm enthusiastic about bringing my expertise to new challenges.,2
Middle-aged,I'm enthusiastic about leveraging my skills in new projects.,2
Middle-aged,My experience positions me well to make significant contributions here.,2
Middle-aged,I'm passionate about taking on new challenges.,2
Middle-aged,I'm excited to bring innovative ideas to your team.,2
Middle-aged,I have a strong drive to achieve excellence.,2
Middle-aged,I'm eager to apply my experience to help your company grow.,2
Middle-aged,I thrive in dynamic environments that push me to excel.,2
Middle-aged,I'm motivated by opportunities to lead and inspire others.,2
Middle-aged,I bring a strategic mindset and a results-oriented approach.,2
Middle-aged,I'm committed to continuous improvement and learning.,2
Middle-aged,I look forward to contributing to your organization's vision.,2
Middle-aged,I'm enthusiastic about collaborating with a talented team.,2
Middle-aged,My goal is to make a positive impact through my work.,2
Middle-aged,I'm energized by the prospect of new responsibilities.,2
Middle-aged,I believe my skills can drive significant advancements.,2
Middle-aged,I'm excited to align my career with your company's mission.,2
Middle-aged,I bring both experience and a fresh perspective.,2
Middle-aged,I'm passionate about delivering outstanding results.,2
Middle-aged,I'm ready to take my career to the next level.,2
Middle-aged,I enjoy tackling complex challenges and finding solutions.,2
Middle-aged,I'm eager to contribute to a forward-thinking organization.,2
Middle-aged,My enthusiasm for this field continues to grow.,2
Middle-aged,I'm inspired by the opportunity to innovate.,2
Middle-aged,I have a proactive approach that drives success.,2
Middle-aged,I'm confident that my expertise will benefit your team.,2
Middle-aged,I value collaboration and believe it leads to excellence.,2
Middle-aged,I'm motivated to exceed expectations in all I do.,2
Middle-aged,I see this role as a chance to make a significant difference.,2
Middle-aged,I'm excited about the possibilities this position offers.,2
Middle-aged,I'm driven by a passion for achieving outstanding outcomes.,2
Middle-aged,I bring energy and commitment to every project.,2
Middle-aged,I'm looking forward to contributing to your company's future.,2
Middle-aged,I believe my vision aligns with your organizational goals.,2
Middle-aged,I'm dedicated to advancing both my career and your objectives.,2
Young,My education has equipped me with up-to-date knowledge that I'm excited to use.,2
Young,I'm highly motivated to learn and grow within your company.,2
Young,I'm passionate about this field and ready to make an impact.,2
Young,I bring enthusiasm and a strong work ethic.,2
Young,I'm excited to bring new perspectives and innovative ideas.,2
Young,I excelled academically and am eager to apply my knowledge.,2
Young,I'm quick to learn and adapt to new challenges.,2
Young,I'm driven to succeed and contribute meaningfully.,2
Young,I have a strong foundation and am ready to build upon it.,2
Young,I'm eager to collaborate and bring value to your team.,2
Young,I thrive in dynamic environments and enjoy problem-solving.,2
Young,I'm passionate about contributing to your company's goals.,2
Young,I'm confident in my abilities and ready to prove myself.,2
Young,I have fresh insights that can benefit your projects.,2
Young,I'm excited about the opportunity to grow professionally here.,2
Young,I believe my skills align well with your needs.,2
Young,I'm enthusiastic about starting strong in my career.,2
Young,I bring creativity and dedication to my work.,2
Young,I'm motivated to contribute and learn from experienced professionals.,2
Young,I see this role as a great opportunity to make a difference.,2
Young,I'm passionate about achieving outstanding results.,2
Young,I'm ready to take on responsibilities and excel.,2
Young,I have a positive attitude and a willingness to go the extra mile.,2
Young,I'm eager to be part of a team and contribute effectively.,2
Young,I'm confident that my energy and skills will be an asset.,2
Young,I'm excited to start making meaningful contributions.,2
Young,I look forward to bringing my knowledge and enthusiasm to your company.,2
Young,I'm driven to exceed expectations and grow within the role.,2
Young,I'm passionate about learning and advancing in this field.,2
Young,I believe I can bring value and fresh ideas to your team.,2
Young,I'm excited to embark on this career path with your organization.,2
Older,My career has prepared me to tackle fresh challenges enthusiastically.,2
Older,I bring insights that can benefit your projects.,2
Older,I have a proven track record of success I'd like to build upon.,2
Older,I believe my experience aligns well with your initiatives.,2
Older,I look forward to leveraging my skills in this role.,2
Older,My adaptability makes me a strong fit for your needs.,2
Older,I'm excited about contributing to your projects.,2
Older,I bring a positive attitude and solutions-oriented mindset.,2
Older,I'm eager to share ideas and learn from others.,2
Older,I'm thrilled at the chance to work with a forward-thinking company.,2
Middle-aged,I'm enthusiastic about leveraging my skills in new ways.,2
Middle-aged,My experience positions me to make significant contributions.,2
Middle-aged,I'm eager to help your company grow.,2
Middle-aged,I thrive in dynamic environments.,2
Middle-aged,I'm motivated to lead and inspire others.,2
Middle-aged,I bring a strategic mindset and results-oriented approach.,2
Middle-aged,I'm committed to continuous improvement.,2
Middle-aged,I look forward to contributing to your vision.,2
Middle-aged,I'm enthusiastic about collaborating with talented teams.,2
Middle-aged,My goal is to make a positive impact.,2
Middle-aged,I'm energized by new responsibilities.,2
Middle-aged,I believe my skills can drive advancements.,2
Middle-aged,I'm excited to align my career with your mission.,2
Middle-aged,I bring experience and a fresh perspective.,2
Middle-aged,I enjoy tackling complex challenges.,2
Middle-aged,I'm confident my expertise will benefit your team.,2
Middle-aged,I value collaboration leading to excellence.,2
Middle-aged,I'm motivated to exceed expectations.,2
Middle-aged,I'm driven by a passion for outstanding outcomes.,2
Middle-aged,I'm looking forward to contributing to your future.,2
Middle-aged,I believe my vision aligns with your goals.,2
Young,I'm eager to start my career and contribute fresh ideas.,2
Young,My education has equipped me with up-to-date knowledge.,2
Young,I'm highly motivated to learn and grow.,2
Young,I'm excited to offer new perspectives and ideas.,2
Young,I'm quick to learn and adapt to challenges.,2
Young,I have a strong foundation to build upon.,2
Young,I'm eager to collaborate and add value to your team.,2
Young,I'm passionate about contributing to your goals.,2
Young,I'm excited to grow professionally here.,2
Young,I'm committed to excellence and improvement.,2
Young,I believe my skills align with your needs.,2
Young,I'm motivated to learn from experienced professionals.,2
Young,I have a positive attitude and willingness to go the extra mile.,2
Young,I'm confident my energy and skills are an asset.,2
Young,I look forward to bringing enthusiasm to your company.,2
Young,I'm driven to exceed expectations and grow in the role.,2
Young,I'm passionate about learning and advancing.,2
Young,I believe I can bring value and fresh ideas.,2
Young,I'm excited to embark on this career path with you.,2
Older,I'm keen to apply my strategic insights here.,2
Older,I believe my leadership experience will be valuable.,2
Older,I'm passionate about fostering team growth.,2
Older,I look forward to innovating within your organization.,2
Older,I'm motivated to drive positive change.,2
Older,I bring a wealth of knowledge to share.,2
Older,I'm eager to embrace new methodologies.,2
Older,I'm excited to collaborate on cutting-edge projects.,2
Older,I see great potential in joining your team.,2
Older,I'm inspired to contribute to your vision.,2
Older,I'm enthusiastic about making a meaningful difference.,2
Older,I'm committed to exceeding expectations.,2
Older,I thrive on developing effective strategies.,2
Older,I'm passionate about advancing industry standards.,2
Older,I'm eager to apply my experience to achieve new heights.,2
Older,I'm excited to mentor and grow with the team.,2
Older,I look forward to contributing to your success story.,2
Older,I'm driven by the opportunity to innovate.,2
Older,I'm dedicated to delivering exceptional results.,2
Older,I'm motivated to help lead your team forward.,2
Older,I bring a dynamic approach to leadership.,2
Older,I'm eager to integrate my expertise with your goals.,2
Older,I'm inspired by the challenges ahead.,2
Middle-aged,I'm keen to implement innovative solutions.,2
Middle-aged,I'm enthusiastic about leading impactful initiatives.,2
Middle-aged,I aspire to drive positive change.,2
Middle-aged,I'm passionate about fostering team development.,2
Middle-aged,I look forward to contributing to your growth.,2
Middle-aged,I'm excited to bring my expertise to new challenges.,2
Middle-aged,I'm motivated to achieve exceptional results.,2
Middle-aged,I thrive on creating strategic value.,2
Middle-aged,I'm eager to collaborate on transformative projects.,2
Middle-aged,I'm committed to delivering excellence.,2
Middle-aged,I'm driven to surpass performance goals.,2
Middle-aged,I'm inspired to innovate within your organization.,2
Middle-aged,I believe my skills will make a substantial impact.,2
Middle-aged,I'm ready to embrace new leadership roles.,2
Middle-aged,I'm passionate about advancing the industry.,2
Middle-aged,I'm excited to contribute to your mission.,2
Middle-aged,I'm dedicated to achieving shared success.,2
Middle-aged,I'm enthusiastic about exploring new opportunities.,2
Middle-aged,I'm confident in driving team achievements.,2
Middle-aged,I'm motivated to lead with vision and purpose.,2
Young,I'm keen to innovate and drive success.,2
Young,I'm eager to apply my knowledge to real-world challenges.,2
Young,I'm motivated to help achieve company objectives.,2
Young,I have a strong desire to contribute positively.,2
Young,I'm committed to continuous professional growth.,2
Young,I'm enthusiastic about collaborating on impactful projects.,2
Young,I aim to bring a fresh approach to the team.,2
Young,I'm ready to tackle complex problems.,2
Young,I'm passionate about making a meaningful impact.,2
Young,I'm excited to work in a fast-paced environment.,2
Young,I'm dedicated to delivering high-quality work.,2
Young,I'm confident in my ability to adapt and excel.,2
Young,I look forward to being an active team member.,2
Young,I'm inspired by the opportunity to contribute here.,2
Young,I'm eager to apply my skills to benefit your organization.,2
Young,I'm motivated to achieve excellence in this role.,2
Middle-aged,I’ve been working in corporate environments for a long time,1